<?xml version='1.0' encoding='UTF-8'?>
<!DOCTYPE sailpoint PUBLIC "sailpoint.dtd" "sailpoint.dtd">
<sailpoint>

<Rule language='beanshell' name='Correlation - ITIM Account' type='Correlation'>
  <Description>
    Correlate ITIM accounts to Identities by using the erglobalid found
    in erParent to the erglobalid identity attribute.  For this to work,
    you must set up an identity attribute named erglobalid that is
    sourced from erglobalid attribute on the IBM Tivoli Identity Manager
    application.
  </Description>
  <Signature returnType='Map'>
    <Inputs>
      <Argument name='account'>
        <Description>
          A sailpoint.object.ResourceObject returned from the
          collector.
        </Description>
      </Argument>
      <Argument name='context'>
        <Description>
          A sailpoint.api.SailPointContext object that can be used to
          query the database to aid in correlation.
        </Description>
      </Argument>
    </Inputs>
    <Returns>
      <Argument name='identityName'>
        <Description>
          The name of an Identity object.
        </Description>
      </Argument>
      <Argument name='identity'>
        <Description>
          A fully resolved Identity object if the rule wants
          to do its own queries to locate the identity.
        </Description>
      </Argument>
      <Argument name='identityAttributeName'>
        <Description>
          The name of the extended attribute that can be used
          to locate an existing identity.
        </Description>
      </Argument>
      <Argument name='identityAttributeValue'>
        <Description>
          The value of the named extended attribute that can be used
          to locate an existing identity. This attribute is used
          together with the identityAttributeName argument.
        </Description>
      </Argument>
    </Returns>
  </Signature>
  <Source>
    <![CDATA[
Map returnMap = new HashMap();

// Slice the erglobaid out of the erParent dn string.
String erparent = account.getStringAttribute("erParent");

if ((null != erparent) && (erparent.length() > 12)) {
    int endIdx = erparent.indexOf(",ou=0");

    // Handle DNs with spaces around the commas.
    if (-1 == endIdx) {
        endIdx = erparent.indexOf(", ou=0");
    }

    if (endIdx > -1) {
        erparent = erparent.substring(11, endIdx);

        if (erparent != null) {
           returnMap.put("identityAttributeName", "erglobalid");
           returnMap.put("identityAttributeValue", erparent);
        }
    }
}

return returnMap;
    ]]>
  </Source>
</Rule>
</sailpoint>