<?xml version="1.0" encoding="UTF-8"?>
<PROCESSDEFINITION AUTHOR="Corey Williams"
  CLASSIFICATION="EO" COUNTRY_KEY="US" CREATED="04-March-2003"
  DESCRIPTION="personModifyProcessDesc" DURATION_UNIT="m" LIMIT="43200000"
  NAME="personModifyProcessName" SCHEMA_VERSION="1.0" VALID_FROM="04-March-2003"
  VALID_TO="04-March-2004" VERSION="1.0" WORKFLOWID="UC">
  <PARAMETERS>
    <IN_PARAMETERS EXTENDED_ATTRIBUTE="Entity" PARAM_ID="Entity"
      RELEVANT_DATA_ID="Entity" TYPE="Person" />
  </PARAMETERS>
  <ACTIVITY ACTIVITYID="START" LIMIT="0" PRIORITY="NORMAL">
    <IMPLEMENTATION_TYPE>
      <ROUTE />
    </IMPLEMENTATION_TYPE>
  </ACTIVITY>
  <ACTIVITY ACTIVITYID="MODIFYPERSON" LIMIT="0" PRIORITY="NORMAL">
    <IMPLEMENTATION_TYPE>
      <APPLICATION APPLICATIONID="MODIFYPERSON"
        CLASS_NAME="com.ibm.itim.workflowextensions.PersonExtensions"
        METHOD_NAME="modifyPerson" />
    </IMPLEMENTATION_TYPE>
    <TRANSITION_RESTRICTION SPLIT="XOR" />
    <PARAMETERS>
      <IN_PARAMETERS PARAM_ID="personIn" RELEVANT_DATA_ID="Entity"
        TYPE="Person" />
      <OUT_PARAMETERS PARAM_ID="personOut"
        RELEVANT_DATA_ID="Entity" TYPE="Person" />
    </PARAMETERS>
  </ACTIVITY>
  <ACTIVITY ACTIVITYID="ENFORCEPOLICYFORPERSON" LIMIT="0"
    PRIORITY="NORMAL">
    <IMPLEMENTATION_TYPE>
      <APPLICATION APPLICATIONID="ENFORCEPOLICYFORPERSON"
        CLASS_NAME="com.ibm.itim.workflowextensions.PersonExtensions"
        METHOD_NAME="enforcePolicyForPerson" />
    </IMPLEMENTATION_TYPE>
    <TRANSITION_RESTRICTION SPLIT="XOR" />
    <PARAMETERS>
      <IN_PARAMETERS PARAM_ID="person" RELEVANT_DATA_ID="Entity"
        TYPE="Person" />
    </PARAMETERS>
  </ACTIVITY>
  <ACTIVITY ACTIVITYID="END" LIMIT="0" PRIORITY="NORMAL">
    <IMPLEMENTATION_TYPE>
      <ROUTE />
    </IMPLEMENTATION_TYPE>
    <TRANSITION_RESTRICTION JOIN="XOR" />
  </ACTIVITY>
  <ACTIVITY ACTIVITYID="IIQ_CHECK_ROLES" LIMIT="0" PRIORITY="NORMAL">
    <IMPLEMENTATION_TYPE>
      <APPLICATION CLASS_NAME="sailpoint.itim.workflow.PolicyCheckExtensions"
        METHOD_NAME="checkRolePolicies" TOOLNAME="SYSTEM" />
    </IMPLEMENTATION_TYPE>
    <TRANSITION_RESTRICTION JOIN="AND" SPLIT="AND" />
    <PARAMETERS>
      <IN_PARAMETERS EXTENDED_ATTRIBUTE="personIn"
        PARAM_ID="personIn" RELEVANT_DATA_ID="Entity" TYPE="Person" />
      <OUT_PARAMETERS EXTENDED_ATTRIBUTE="violationsOut"
        PARAM_ID="violationsOut" RELEVANT_DATA_ID="violations" TYPE="List" />
    </PARAMETERS>
  </ACTIVITY>
  <TRANSITION TRANSITIONID="ON_FAILMODIFYPERSON">
    <TRANSITION_KIND>
      <REGULAR FROM="MODIFYPERSON" TO="END">
        <SCRIPT><![CDATA[WorkflowRuntimeContext.getActivityResult()=="SF"]]></SCRIPT>
      </REGULAR>
    </TRANSITION_KIND>
  </TRANSITION>
  <TRANSITION TRANSITIONID="ON_SUCCESSMODIFYPERSON">
    <TRANSITION_KIND>
      <REGULAR FROM="MODIFYPERSON" TO="ENFORCEPOLICYFORPERSON">
        <SCRIPT><![CDATA[WorkflowRuntimeContext.getActivityResult()!="SF"]]></SCRIPT>
      </REGULAR>
    </TRANSITION_KIND>
  </TRANSITION>
  <TRANSITION TRANSITIONID="COMPLETE">
    <TRANSITION_KIND>
      <REGULAR FROM="ENFORCEPOLICYFORPERSON" TO="END" />
    </TRANSITION_KIND>
  </TRANSITION>
  <TRANSITION TRANSITIONID="id5330215151190018608">
    <TRANSITION_KIND>
      <REGULAR FROM="START" TO="IIQ_CHECK_ROLES">
        <SCRIPT><![CDATA[true]]></SCRIPT>
      </REGULAR>
    </TRANSITION_KIND>
  </TRANSITION>
  <TRANSITION TRANSITIONID="id5333638509540792086">
    <TRANSITION_KIND>
      <REGULAR FROM="IIQ_CHECK_ROLES" TO="MODIFYPERSON">
        <SCRIPT><![CDATA[true]]></SCRIPT>
      </REGULAR>
    </TRANSITION_KIND>
  </TRANSITION>
  <RELEVANT_DATA CONTEXT="REQUESTEE"
    DESCRIPTION="A directory object containing attributes of modified user."
    NAME="Entity" RELEVANT_DATA_ID="Entity" TYPE="Person" />
  <RELEVANT_DATA RELEVANT_DATA_ID="account_changed" TYPE="String"
    VALUE="false" />
  <RELEVANT_DATA RELEVANT_DATA_ID="orgContainer"
    TYPE="OrganizationalContainer" />
  <RELEVANT_DATA COLLECTION_TYPE="Account"
    RELEVANT_DATA_ID="accountsList" TYPE="List" />
  <RELEVANT_DATA COLLECTION_TYPE="Service"
    RELEVANT_DATA_ID="services" TYPE="List" />
  <RELEVANT_DATA ENTITY="" RELEVANT_DATA_ID="account"
    TYPE="Account" />
  <RELEVANT_DATA RELEVANT_DATA_ID="service" TYPE="Service" />
  <RELEVANT_DATA COLLECTION_TYPE="String"
    DESCRIPTION="Detected role violations from IIQ" RELEVANT_DATA_ID="violations"
    TYPE="List" />
</PROCESSDEFINITION>